Ticker,Article Title
['PTON'],"PELOTON ALERT: Labaton Sucharow Notifies Investors that a Class Action Lawsuit Has Been Filed Against Peloton Interactive, Inc. - PTON"
['PTON'],Peloton Investor Alert - Thornton Law Firm Reminds PTON Investors of Class Action Lawsuit
['PTON'],"PTON Investor Alert: Bronstein, Gewirtz & Grossman, LLC Reminds Peloton Interactive, Inc. Investors of Class Action and Lead Plaintiff Deadline: January 18, 2022"
['PTON'],"SHAREHOLDER ALERT: The Gross Law Firm Notifies Shareholders of Peloton Interactive, Inc. of a Class Action Lawsuit and a Lead Plaintiff Deadline of January 18, 2022 - (PTON)"
['PTON'],"FILING DEADLINE--Kuznicki Law PLLC Announces Class Actions on Behalf of Shareholders of EAR, LSPD, PTON and ZG"
['PTON'],"PTON ALERT: The Klein Law Firm Announces a Lead Plaintiff Deadline of January 18, 2022 in the Class Action Filed on Behalf of Peloton Interactive, Inc. Limited Shareholders"
['PTON'],"PTON LAWSUIT: The Law Offices of Vincent Wong Notify Investors of a Class Action Lawsuit Involving Peloton Interactive, Inc."
['PTON'],"PELOTON INTERACTIVE, INC. (NASDAQ:PTON) SHAREHOLDER CLASS ACTION ALERT: Bernstein Liebhard LLP Reminds Investors of the Deadline to File a Lead Plaintiff Motion in a Securities Class Action Lawsuit Against Peloton Interactive, Inc."
['PTON'],"SHAREHOLDER ALERT: Levi & Korsinsky, LLP Notifies Shareholders of Peloton Interactive, Inc. of a Class Action Lawsuit and a Lead Plaintiff Deadline of January 18, 2022 - PTON"
['PTON'],"PTON Investor Alert: Bronstein, Gewirtz & Grossman, LLC Notifies Peloton Interactive, Inc. Investors of Class Action and Lead Plaintiff Deadline: January 18, 2022"
['PTON'],"INVESTOR ACTION REMINDER: The Schall Law Firm Encourages Investors in Peloton Interactive, Inc. with Losses of $100,000 to Contact the Firm"
['PTON'],"PTON Lawsuit Filed: Jakubowitz Law Pursues Claims on Behalf of Peloton Interactive, Inc. Shareholders"
['PTON'],"SHAREHOLDER ALERT: CLAIMSFILER REMINDS BMY, OWLT, PTON, ZG INVESTORS of Lead Plaintiff Deadline in Class Action Lawsuits"
['PTON'],"PELOTON SHAREHOLDER ALERT BY FORMER LOUISIANA ATTORNEY GENERAL: KAHN SWICK & FOTI, LLC REMINDS INVESTORS WITH LOSSES IN EXCESS OF $100,000 of Lead Plaintiff Deadline in Class Action Lawsuit Against Peloton Interactive, Inc. - PTON"
['PTON'],"HAGENS BERMAN, NATIONAL TRIAL ATTORNEYS, Encourages Peloton Interactive (PTON) Investors to Contact Firm’s Attorneys, Securities Fraud Class Action Filed"
['PTON'],"INVESTOR ACTION ALERT: The Schall Law Firm Reminds Investors of a Class Action Lawsuit Against Peloton Interactive, Inc. and Encourages Investors with Losses in Excess of $100,000 to Contact the Firm"
['NVAX'],"NVAX Deadline Alert: Kessler Topaz Meltzer & Check, LLP Reminds Investors of Deadline in Securities Fraud Class Action Lawsuit against of Novavax, Inc. and Encourages Investors with Substantial Losses to Contact the Firm"
['NVAX'],Novavax Investor Alert - Thornton Law Firm Reminds NVAX Investors of Class Action Lawsuit
['NVAX'],"INVESTOR ACTION NOTICE: The Schall Law Firm Encourages Investors in Novavax, Inc. with Losses of $100,000 to Contact the Firm"
['NVAX'],"SBTX, TWVLX & NVAX – Bronstein, Gewirtz & Grossman, LLC Reminds Shareholders of Class Action Deadlines"
['NVAX'],"Novavax, Inc. Shareholder Alert: Robbins LLP Informs Reminds of Class Action Against Novavax, Inc. (NVAX)"
['NVAX'],"NVAX ALERT: The Klein Law Firm Announces a Lead Plaintiff Deadline of January 11, 2022 in the Class Action Filed on Behalf of Novavax, Inc. Limited Shareholders"
['NVAX'],"FILING DEADLINE--Kuznicki Law PLLC Announces Class Actions on Behalf of Shareholders of HMLP, NVAX, ONTF and OWLT"
